race,sex,cmin,cmax,c,dmin,dmax,d
African American,Female,3.832910197852924,4.10858192727792,3.9685767075148255,1.357959188546283,1.425259055692789,1.3893751403863501
African American,Male,102.80143163789613,104.14634695209423,103.47433830842466,2.430758554621491,2.443158891629156,2.438536073675803
American Indian/AK Native,Female,4.254709583362271,5.639000650940473,4.568993402821464,1.507398210518791,1.9561583254432657,1.5995774602135908
American Indian/AK Native,Male,54.485528993549195,62.71479571255844,57.38225481760617,1.2883202460706262,1.4712202133438548,1.352303388928239
Asian/Pacific Islander,Female,0.6488299629459071,0.6488299629459071,0.6488299629459071,0.2298735332959522,0.22507784843082118,0.22715151735579056
Asian/Pacific Islander,Male,15.085351326231676,15.943719752013475,15.448556216467455,0.35669587671569847,0.37402215073076867,0.36406960639628755
Latinx,Female,2.1608417289931126,2.251157395715131,2.195372898036174,0.7655631698661128,0.7809221090933723,0.7685870157514154
Latinx,Male,56.04973168038263,56.89317416571859,56.48799924461101,1.3253061031895719,1.3346513670798175,1.3312288451381216
