race,sex,cmin,cmax,c,dmin,dmax,d
African American,Female,0.8119622349145317,0.8927745715148205,0.8465036401150705,1.5985967127687053,1.6729264333272933,1.6266682330315985
African American,Male,21.488993556917357,21.89773054280808,21.693969923811675,2.8103617367166374,2.834788633496085,2.8291490050420567
American Indian/AK Native,Female,0.9338184058127474,1.12195284742711,0.9956613402084535,1.8385079621496252,2.1023723516485457,1.9132943985386697
American Indian/AK Native,Male,7.605112350095311,8.64060238277009,7.973666506022603,0.9946076206653686,1.118576254893252,1.039859958379043
Asian/Pacific Islander,Female,0.0790874016054488,0.10398554530777204,0.09118852306477798,0.15570780855491015,0.19485340754515085,0.17523075703062502
Asian/Pacific Islander,Male,3.1390021415611535,3.5011778279470107,3.235907514886893,0.41052325167063547,0.45324784187612627,0.4220004249246161
Latinx,Female,0.2542810516148464,0.31287939141755317,0.28036519392315995,0.5006302457818754,0.586289328847772,0.5387586455511908
Latinx,Male,10.420053942084007,10.85131127848138,10.655603528036961,1.362749763770562,1.4047653847338917,1.389616111082523
