race,gender,cmin,cmax,c,dmin,dmax,d
African American,Female,2.1136733099669236e-5,2.2390486190015935e-5,2.182013591143228e-5,2.0620035260426772,2.1489581571241687,2.111008784023528
African American,Male,2.627816474327638e-4,2.681543377806017e-4,2.65673526861665e-4,3.1520146427300006,3.1709150159964183,3.1640269194561808
American Indian/AK Native,Female,1.3523395585468556e-5,1.714886807413496e-5,1.595908224633069e-5,1.319280952728807,1.645886543981845,1.5439758461498336
American Indian/AK Native,Male,8.626637411890403e-5,9.258844913473396e-5,8.975118877883049e-5,1.034748343556155,1.094854948456429,1.0688877461896222
Asian/Pacific Islander,Female,3.448055395427474e-6,5.0315631576758335e-6,4.136637967921964e-6,0.3363765984949297,0.4829112954052039,0.4002027815983159
Asian/Pacific Islander,Male,3.355019152684324e-5,3.9717958424390076e-5,3.5995684842604626e-5,0.40242800816622343,0.46966337302237965,0.4286889897222035
Latinx,Female,9.382442628713683e-6,1.1142379108819433e-5,1.0088399613428223e-5,0.915308420278226,1.0694053837180393,0.9760113450773013
Latinx,Male,1.2454722762278436e-4,1.2964364882350754e-4,1.2702804478950113e-4,1.4939197200934218,1.5330312990102397,1.5128347863170615
