race,sex,cmin,cmax,c,dmin,dmax,d
African American,Female,0.797402066797792,0.8557751544041592,0.8261472499873079,1.6372010839406486,1.7027866945375525,1.668112679178956
African American,Male,21.438001740300972,21.80869810310737,21.63313856525706,2.8990785019472263,2.9198037983886205,2.9114038904665542
American Indian/AK Native,Female,0.7254182182170332,0.9194757600988752,0.7948652985869664,1.4894060883797415,1.829535576241728,1.6049498232096704
American Indian/AK Native,Male,9.687853587134754,10.857785092319162,10.165083776497053,1.3100963608784733,1.4536677982682398,1.3680245408930707
Asian/Pacific Islander,Female,0.09934697563496186,0.13213633679287626,0.10896031482232615,0.20397611564885795,0.26291952389351697,0.2200068845901809
Asian/Pacific Islander,Male,2.9604051697995626,3.283808793143606,3.115575878267496,0.4003380113868229,0.4396446473820697,0.41929652073690926
Latinx,Female,0.3386536107669036,0.3647730795547366,0.34882171064887224,0.6953130443397596,0.7258106795864635,0.7043222843327459
Latinx,Male,10.712820660637723,10.989415811073489,10.836779826074894,1.448703496188581,1.4712908526471138,1.4584218952137522
